"filename", "language", "YAML", "Dart", "Markdown", "Groovy", "Properties", "XML", "JSON", "C++", "Swift", "comment", "blank", "total"
"d:\User\DOCUMENTS\Graduation\GraduationProgram\Programs\graduation_app\README.md", "Markdown", 0, 0, 10, 0, 0, 0, 0, 0, 0, 0, 7, 17
"d:\User\DOCUMENTS\Graduation\GraduationProgram\Programs\graduation_app\android\.idea-bak\codeStyles\Project.xml", "XML", 0, 0, 0, 0, 0, 134, 0, 0, 0, 0, 0, 134
"d:\User\DOCUMENTS\Graduation\GraduationProgram\Programs\graduation_app\android\.idea-bak\gradle.xml", "XML", 0, 0, 0, 0, 0, 42, 0, 0, 0, 0, 0, 42
"d:\User\DOCUMENTS\Graduation\GraduationProgram\Programs\graduation_app\android\.idea-bak\jarRepositories.xml", "XML", 0, 0, 0, 0, 0, 35, 0, 0, 0, 0, 0, 35
"d:\User\DOCUMENTS\Graduation\GraduationProgram\Programs\graduation_app\android\.idea-bak\libraries\Gradle_______build_app_intermediates_flutter_debug_libs_jar.xml", "XML", 0, 0, 0, 0, 0, 9, 0, 0, 0, 0, 0, 9
"d:\User\DOCUMENTS\Graduation\GraduationProgram\Programs\graduation_app\android\.idea-bak\libraries\Gradle__androidx_activity_activity_1_0_0_aar.xml", "XML", 0, 0, 0, 0, 0, 13, 0, 0, 0, 0, 0, 13
"d:\User\DOCUMENTS\Graduation\GraduationProgram\Programs\graduation_app\android\.idea-bak\libraries\Gradle__androidx_annotation_annotation_1_1_0_jar.xml", "XML", 0, 0, 0, 0, 0, 13, 0, 0, 0, 0, 0, 13
"d:\User\DOCUMENTS\Graduation\GraduationProgram\Programs\graduation_app\android\.idea-bak\libraries\Gradle__androidx_arch_core_core_common_2_1_0_jar.xml", "XML", 0, 0, 0, 0, 0, 11, 0, 0, 0, 0, 0, 11
"d:\User\DOCUMENTS\Graduation\GraduationProgram\Programs\graduation_app\android\.idea-bak\libraries\Gradle__androidx_arch_core_core_runtime_2_0_0_aar.xml", "XML", 0, 0, 0, 0, 0, 13, 0, 0, 0, 0, 0, 13
"d:\User\DOCUMENTS\Graduation\GraduationProgram\Programs\graduation_app\android\.idea-bak\libraries\Gradle__androidx_asynclayoutinflater_asynclayoutinflater_1_0_0_aar.xml", "XML", 0, 0, 0, 0, 0, 13, 0, 0, 0, 0, 0, 13
"d:\User\DOCUMENTS\Graduation\GraduationProgram\Programs\graduation_app\android\.idea-bak\libraries\Gradle__androidx_collection_collection_1_1_0_jar.xml", "XML", 0, 0, 0, 0, 0, 11, 0, 0, 0, 0, 0, 11
"d:\User\DOCUMENTS\Graduation\GraduationProgram\Programs\graduation_app\android\.idea-bak\libraries\Gradle__androidx_coordinatorlayout_coordinatorlayout_1_0_0_aar.xml", "XML", 0, 0, 0, 0, 0, 16, 0, 0, 0, 0, 0, 16
"d:\User\DOCUMENTS\Graduation\GraduationProgram\Programs\graduation_app\android\.idea-bak\libraries\Gradle__androidx_core_core_1_1_0_aar.xml", "XML", 0, 0, 0, 0, 0, 16, 0, 0, 0, 0, 0, 16
"d:\User\DOCUMENTS\Graduation\GraduationProgram\Programs\graduation_app\android\.idea-bak\libraries\Gradle__androidx_cursoradapter_cursoradapter_1_0_0_aar.xml", "XML", 0, 0, 0, 0, 0, 13, 0, 0, 0, 0, 0, 13
"d:\User\DOCUMENTS\Graduation\GraduationProgram\Programs\graduation_app\android\.idea-bak\libraries\Gradle__androidx_customview_customview_1_0_0_aar.xml", "XML", 0, 0, 0, 0, 0, 13, 0, 0, 0, 0, 0, 13
"d:\User\DOCUMENTS\Graduation\GraduationProgram\Programs\graduation_app\android\.idea-bak\libraries\Gradle__androidx_documentfile_documentfile_1_0_0_aar.xml", "XML", 0, 0, 0, 0, 0, 13, 0, 0, 0, 0, 0, 13
"d:\User\DOCUMENTS\Graduation\GraduationProgram\Programs\graduation_app\android\.idea-bak\libraries\Gradle__androidx_drawerlayout_drawerlayout_1_0_0_aar.xml", "XML", 0, 0, 0, 0, 0, 16, 0, 0, 0, 0, 0, 16
"d:\User\DOCUMENTS\Graduation\GraduationProgram\Programs\graduation_app\android\.idea-bak\libraries\Gradle__androidx_fragment_fragment_1_1_0_aar.xml", "XML", 0, 0, 0, 0, 0, 16, 0, 0, 0, 0, 0, 16
"d:\User\DOCUMENTS\Graduation\GraduationProgram\Programs\graduation_app\android\.idea-bak\libraries\Gradle__androidx_interpolator_interpolator_1_0_0_aar.xml", "XML", 0, 0, 0, 0, 0, 13, 0, 0, 0, 0, 0, 13
"d:\User\DOCUMENTS\Graduation\GraduationProgram\Programs\graduation_app\android\.idea-bak\libraries\Gradle__androidx_legacy_legacy_support_core_ui_1_0_0_aar.xml", "XML", 0, 0, 0, 0, 0, 13, 0, 0, 0, 0, 0, 13
"d:\User\DOCUMENTS\Graduation\GraduationProgram\Programs\graduation_app\android\.idea-bak\libraries\Gradle__androidx_legacy_legacy_support_core_utils_1_0_0_aar.xml", "XML", 0, 0, 0, 0, 0, 13, 0, 0, 0, 0, 0, 13
"d:\User\DOCUMENTS\Graduation\GraduationProgram\Programs\graduation_app\android\.idea-bak\libraries\Gradle__androidx_legacy_legacy_support_v4_1_0_0_aar.xml", "XML", 0, 0, 0, 0, 0, 13, 0, 0, 0, 0, 0, 13
"d:\User\DOCUMENTS\Graduation\GraduationProgram\Programs\graduation_app\android\.idea-bak\libraries\Gradle__androidx_lifecycle_lifecycle_common_2_2_0_jar.xml", "XML", 0, 0, 0, 0, 0, 11, 0, 0, 0, 0, 0, 11
"d:\User\DOCUMENTS\Graduation\GraduationProgram\Programs\graduation_app\android\.idea-bak\libraries\Gradle__androidx_lifecycle_lifecycle_common_java8_2_2_0_jar.xml", "XML", 0, 0, 0, 0, 0, 11, 0, 0, 0, 0, 0, 11
"d:\User\DOCUMENTS\Graduation\GraduationProgram\Programs\graduation_app\android\.idea-bak\libraries\Gradle__androidx_lifecycle_lifecycle_livedata_2_0_0_aar.xml", "XML", 0, 0, 0, 0, 0, 13, 0, 0, 0, 0, 0, 13
"d:\User\DOCUMENTS\Graduation\GraduationProgram\Programs\graduation_app\android\.idea-bak\libraries\Gradle__androidx_lifecycle_lifecycle_livedata_core_2_0_0_aar.xml", "XML", 0, 0, 0, 0, 0, 13, 0, 0, 0, 0, 0, 13
"d:\User\DOCUMENTS\Graduation\GraduationProgram\Programs\graduation_app\android\.idea-bak\libraries\Gradle__androidx_lifecycle_lifecycle_runtime_2_2_0_aar.xml", "XML", 0, 0, 0, 0, 0, 13, 0, 0, 0, 0, 0, 13
"d:\User\DOCUMENTS\Graduation\GraduationProgram\Programs\graduation_app\android\.idea-bak\libraries\Gradle__androidx_lifecycle_lifecycle_viewmodel_2_1_0_aar.xml", "XML", 0, 0, 0, 0, 0, 13, 0, 0, 0, 0, 0, 13
"d:\User\DOCUMENTS\Graduation\GraduationProgram\Programs\graduation_app\android\.idea-bak\libraries\Gradle__androidx_loader_loader_1_0_0_aar.xml", "XML", 0, 0, 0, 0, 0, 13, 0, 0, 0, 0, 0, 13
"d:\User\DOCUMENTS\Graduation\GraduationProgram\Programs\graduation_app\android\.idea-bak\libraries\Gradle__androidx_localbroadcastmanager_localbroadcastmanager_1_0_0_aar.xml", "XML", 0, 0, 0, 0, 0, 13, 0, 0, 0, 0, 0, 13
"d:\User\DOCUMENTS\Graduation\GraduationProgram\Programs\graduation_app\android\.idea-bak\libraries\Gradle__androidx_media_media_1_0_0_aar.xml", "XML", 0, 0, 0, 0, 0, 16, 0, 0, 0, 0, 0, 16
"d:\User\DOCUMENTS\Graduation\GraduationProgram\Programs\graduation_app\android\.idea-bak\libraries\Gradle__androidx_print_print_1_0_0_aar.xml", "XML", 0, 0, 0, 0, 0, 16, 0, 0, 0, 0, 0, 16
"d:\User\DOCUMENTS\Graduation\GraduationProgram\Programs\graduation_app\android\.idea-bak\libraries\Gradle__androidx_savedstate_savedstate_1_0_0_aar.xml", "XML", 0, 0, 0, 0, 0, 13, 0, 0, 0, 0, 0, 13
"d:\User\DOCUMENTS\Graduation\GraduationProgram\Programs\graduation_app\android\.idea-bak\libraries\Gradle__androidx_slidingpanelayout_slidingpanelayout_1_0_0_aar.xml", "XML", 0, 0, 0, 0, 0, 13, 0, 0, 0, 0, 0, 13
"d:\User\DOCUMENTS\Graduation\GraduationProgram\Programs\graduation_app\android\.idea-bak\libraries\Gradle__androidx_swiperefreshlayout_swiperefreshlayout_1_0_0_aar.xml", "XML", 0, 0, 0, 0, 0, 16, 0, 0, 0, 0, 0, 16
"d:\User\DOCUMENTS\Graduation\GraduationProgram\Programs\graduation_app\android\.idea-bak\libraries\Gradle__androidx_test_espresso_espresso_core_3_1_1_aar.xml", "XML", 0, 0, 0, 0, 0, 15, 0, 0, 0, 0, 0, 15
"d:\User\DOCUMENTS\Graduation\GraduationProgram\Programs\graduation_app\android\.idea-bak\libraries\Gradle__androidx_test_espresso_espresso_idling_resource_3_1_1_aar.xml", "XML", 0, 0, 0, 0, 0, 15, 0, 0, 0, 0, 0, 15
"d:\User\DOCUMENTS\Graduation\GraduationProgram\Programs\graduation_app\android\.idea-bak\libraries\Gradle__androidx_test_monitor_1_1_1_aar.xml", "XML", 0, 0, 0, 0, 0, 15, 0, 0, 0, 0, 0, 15
"d:\User\DOCUMENTS\Graduation\GraduationProgram\Programs\graduation_app\android\.idea-bak\libraries\Gradle__androidx_test_runner_1_1_1_aar.xml", "XML", 0, 0, 0, 0, 0, 15, 0, 0, 0, 0, 0, 15
"d:\User\DOCUMENTS\Graduation\GraduationProgram\Programs\graduation_app\android\.idea-bak\libraries\Gradle__androidx_versionedparcelable_versionedparcelable_1_1_0_aar.xml", "XML", 0, 0, 0, 0, 0, 13, 0, 0, 0, 0, 0, 13
"d:\User\DOCUMENTS\Graduation\GraduationProgram\Programs\graduation_app\android\.idea-bak\libraries\Gradle__androidx_viewpager_viewpager_1_0_0_aar.xml", "XML", 0, 0, 0, 0, 0, 13, 0, 0, 0, 0, 0, 13
"d:\User\DOCUMENTS\Graduation\GraduationProgram\Programs\graduation_app\android\.idea-bak\libraries\Gradle__com_google_android_annotations_4_1_1_4_jar.xml", "XML", 0, 0, 0, 0, 0, 13, 0, 0, 0, 0, 0, 13
"d:\User\DOCUMENTS\Graduation\GraduationProgram\Programs\graduation_app\android\.idea-bak\libraries\Gradle__com_google_android_gms_play_services_ads_identifier_17_0_0_aar.xml", "XML", 0, 0, 0, 0, 0, 11, 0, 0, 0, 0, 0, 11
"d:\User\DOCUMENTS\Graduation\GraduationProgram\Programs\graduation_app\android\.idea-bak\libraries\Gradle__com_google_android_gms_play_services_base_16_0_1_aar.xml", "XML", 0, 0, 0, 0, 0, 11, 0, 0, 0, 0, 0, 11
"d:\User\DOCUMENTS\Graduation\GraduationProgram\Programs\graduation_app\android\.idea-bak\libraries\Gradle__com_google_android_gms_play_services_base_17_0_0_aar.xml", "XML", 0, 0, 0, 0, 0, 13, 0, 0, 0, 0, 0, 13
"d:\User\DOCUMENTS\Graduation\GraduationProgram\Programs\graduation_app\android\.idea-bak\libraries\Gradle__com_google_android_gms_play_services_base_17_1_0_aar.xml", "XML", 0, 0, 0, 0, 0, 13, 0, 0, 0, 0, 0, 13
"d:\User\DOCUMENTS\Graduation\GraduationProgram\Programs\graduation_app\android\.idea-bak\libraries\Gradle__com_google_android_gms_play_services_basement_16_0_1_aar.xml", "XML", 0, 0, 0, 0, 0, 11, 0, 0, 0, 0, 0, 11
"d:\User\DOCUMENTS\Graduation\GraduationProgram\Programs\graduation_app\android\.idea-bak\libraries\Gradle__com_google_android_gms_play_services_basement_16_1_0_aar.xml", "XML", 0, 0, 0, 0, 0, 13, 0, 0, 0, 0, 0, 13
"d:\User\DOCUMENTS\Graduation\GraduationProgram\Programs\graduation_app\android\.idea-bak\libraries\Gradle__com_google_android_gms_play_services_basement_17_0_0_aar.xml", "XML", 0, 0, 0, 0, 0, 13, 0, 0, 0, 0, 0, 13
"d:\User\DOCUMENTS\Graduation\GraduationProgram\Programs\graduation_app\android\.idea-bak\libraries\Gradle__com_google_android_gms_play_services_measurement_17_2_2_aar.xml", "XML", 0, 0, 0, 0, 0, 13, 0, 0, 0, 0, 0, 13
"d:\User\DOCUMENTS\Graduation\GraduationProgram\Programs\graduation_app\android\.idea-bak\libraries\Gradle__com_google_android_gms_play_services_measurement_api_17_2_2_aar.xml", "XML", 0, 0, 0, 0, 0, 13, 0, 0, 0, 0, 0, 13
"d:\User\DOCUMENTS\Graduation\GraduationProgram\Programs\graduation_app\android\.idea-bak\libraries\Gradle__com_google_android_gms_play_services_measurement_base_17_2_2_aar.xml", "XML", 0, 0, 0, 0, 0, 13, 0, 0, 0, 0, 0, 13
"d:\User\DOCUMENTS\Graduation\GraduationProgram\Programs\graduation_app\android\.idea-bak\libraries\Gradle__com_google_android_gms_play_services_measurement_impl_17_2_2_aar.xml", "XML", 0, 0, 0, 0, 0, 13, 0, 0, 0, 0, 0, 13
"d:\User\DOCUMENTS\Graduation\GraduationProgram\Programs\graduation_app\android\.idea-bak\libraries\Gradle__com_google_android_gms_play_services_measurement_sdk_17_2_2_aar.xml", "XML", 0, 0, 0, 0, 0, 13, 0, 0, 0, 0, 0, 13
"d:\User\DOCUMENTS\Graduation\GraduationProgram\Programs\graduation_app\android\.idea-bak\libraries\Gradle__com_google_android_gms_play_services_measurement_sdk_api_17_2_2_aar.xml", "XML", 0, 0, 0, 0, 0, 13, 0, 0, 0, 0, 0, 13
"d:\User\DOCUMENTS\Graduation\GraduationProgram\Programs\graduation_app\android\.idea-bak\libraries\Gradle__com_google_android_gms_play_services_stats_17_0_0_aar.xml", "XML", 0, 0, 0, 0, 0, 11, 0, 0, 0, 0, 0, 11
"d:\User\DOCUMENTS\Graduation\GraduationProgram\Programs\graduation_app\android\.idea-bak\libraries\Gradle__com_google_android_gms_play_services_tasks_16_0_1_aar.xml", "XML", 0, 0, 0, 0, 0, 11, 0, 0, 0, 0, 0, 11
"d:\User\DOCUMENTS\Graduation\GraduationProgram\Programs\graduation_app\android\.idea-bak\libraries\Gradle__com_google_android_gms_play_services_tasks_17_0_0_aar.xml", "XML", 0, 0, 0, 0, 0, 11, 0, 0, 0, 0, 0, 11
"d:\User\DOCUMENTS\Graduation\GraduationProgram\Programs\graduation_app\android\.idea-bak\libraries\Gradle__com_google_auto_value_auto_value_annotations_1_6_3_jar.xml", "XML", 0, 0, 0, 0, 0, 13, 0, 0, 0, 0, 0, 13
"d:\User\DOCUMENTS\Graduation\GraduationProgram\Programs\graduation_app\android\.idea-bak\libraries\Gradle__com_google_auto_value_auto_value_annotations_1_6_5_jar.xml", "XML", 0, 0, 0, 0, 0, 13, 0, 0, 0, 0, 0, 13
"d:\User\DOCUMENTS\Graduation\GraduationProgram\Programs\graduation_app\android\.idea-bak\libraries\Gradle__com_google_auto_value_auto_value_annotations_1_6_jar.xml", "XML", 0, 0, 0, 0, 0, 13, 0, 0, 0, 0, 0, 13
"d:\User\DOCUMENTS\Graduation\GraduationProgram\Programs\graduation_app\android\.idea-bak\libraries\Gradle__com_google_code_findbugs_jsr305_3_0_2_jar.xml", "XML", 0, 0, 0, 0, 0, 13, 0, 0, 0, 0, 0, 13
"d:\User\DOCUMENTS\Graduation\GraduationProgram\Programs\graduation_app\android\.idea-bak\libraries\Gradle__com_google_code_gson_gson_2_7_jar.xml", "XML", 0, 0, 0, 0, 0, 13, 0, 0, 0, 0, 0, 13
"d:\User\DOCUMENTS\Graduation\GraduationProgram\Programs\graduation_app\android\.idea-bak\libraries\Gradle__com_google_code_gson_gson_2_8_5_jar.xml", "XML", 0, 0, 0, 0, 0, 13, 0, 0, 0, 0, 0, 13
"d:\User\DOCUMENTS\Graduation\GraduationProgram\Programs\graduation_app\android\.idea-bak\libraries\Gradle__com_google_errorprone_error_prone_annotations_2_3_2_jar.xml", "XML", 0, 0, 0, 0, 0, 13, 0, 0, 0, 0, 0, 13
"d:\User\DOCUMENTS\Graduation\GraduationProgram\Programs\graduation_app\android\.idea-bak\libraries\Gradle__com_google_firebase_firebase_analytics_17_2_2_aar.xml", "XML", 0, 0, 0, 0, 0, 13, 0, 0, 0, 0, 0, 13
"d:\User\DOCUMENTS\Graduation\GraduationProgram\Programs\graduation_app\android\.idea-bak\libraries\Gradle__com_google_firebase_firebase_auth_19_2_0_aar.xml", "XML", 0, 0, 0, 0, 0, 13, 0, 0, 0, 0, 0, 13
"d:\User\DOCUMENTS\Graduation\GraduationProgram\Programs\graduation_app\android\.idea-bak\libraries\Gradle__com_google_firebase_firebase_auth_19_3_1_aar.xml", "XML", 0, 0, 0, 0, 0, 13, 0, 0, 0, 0, 0, 13
"d:\User\DOCUMENTS\Graduation\GraduationProgram\Programs\graduation_app\android\.idea-bak\libraries\Gradle__com_google_firebase_firebase_auth_interop_17_0_0_aar.xml", "XML", 0, 0, 0, 0, 0, 13, 0, 0, 0, 0, 0, 13
"d:\User\DOCUMENTS\Graduation\GraduationProgram\Programs\graduation_app\android\.idea-bak\libraries\Gradle__com_google_firebase_firebase_auth_interop_18_0_0_aar.xml", "XML", 0, 0, 0, 0, 0, 13, 0, 0, 0, 0, 0, 13
"d:\User\DOCUMENTS\Graduation\GraduationProgram\Programs\graduation_app\android\.idea-bak\libraries\Gradle__com_google_firebase_firebase_auth_interop_19_0_0_aar.xml", "XML", 0, 0, 0, 0, 0, 13, 0, 0, 0, 0, 0, 13
"d:\User\DOCUMENTS\Graduation\GraduationProgram\Programs\graduation_app\android\.idea-bak\libraries\Gradle__com_google_firebase_firebase_common_16_1_0_aar.xml", "XML", 0, 0, 0, 0, 0, 13, 0, 0, 0, 0, 0, 13
"d:\User\DOCUMENTS\Graduation\GraduationProgram\Programs\graduation_app\android\.idea-bak\libraries\Gradle__com_google_firebase_firebase_common_17_0_0_aar.xml", "XML", 0, 0, 0, 0, 0, 13, 0, 0, 0, 0, 0, 13
"d:\User\DOCUMENTS\Graduation\GraduationProgram\Programs\graduation_app\android\.idea-bak\libraries\Gradle__com_google_firebase_firebase_common_19_3_0_aar.xml", "XML", 0, 0, 0, 0, 0, 15, 0, 0, 0, 0, 0, 15
"d:\User\DOCUMENTS\Graduation\GraduationProgram\Programs\graduation_app\android\.idea-bak\libraries\Gradle__com_google_firebase_firebase_components_16_0_0_aar.xml", "XML", 0, 0, 0, 0, 0, 15, 0, 0, 0, 0, 0, 15
"d:\User\DOCUMENTS\Graduation\GraduationProgram\Programs\graduation_app\android\.idea-bak\libraries\Gradle__com_google_firebase_firebase_database_17_0_0_aar.xml", "XML", 0, 0, 0, 0, 0, 13, 0, 0, 0, 0, 0, 13
"d:\User\DOCUMENTS\Graduation\GraduationProgram\Programs\graduation_app\android\.idea-bak\libraries\Gradle__com_google_firebase_firebase_database_collection_16_0_1_aar.xml", "XML", 0, 0, 0, 0, 0, 13, 0, 0, 0, 0, 0, 13
"d:\User\DOCUMENTS\Graduation\GraduationProgram\Programs\graduation_app\android\.idea-bak\libraries\Gradle__com_google_firebase_firebase_database_collection_17_0_0_aar.xml", "XML", 0, 0, 0, 0, 0, 13, 0, 0, 0, 0, 0, 13
"d:\User\DOCUMENTS\Graduation\GraduationProgram\Programs\graduation_app\android\.idea-bak\libraries\Gradle__com_google_firebase_firebase_database_collection_17_0_1_aar.xml", "XML", 0, 0, 0, 0, 0, 15, 0, 0, 0, 0, 0, 15
"d:\User\DOCUMENTS\Graduation\GraduationProgram\Programs\graduation_app\android\.idea-bak\libraries\Gradle__com_google_firebase_firebase_firestore_21_3_0_aar.xml", "XML", 0, 0, 0, 0, 0, 15, 0, 0, 0, 0, 0, 15
"d:\User\DOCUMENTS\Graduation\GraduationProgram\Programs\graduation_app\android\.idea-bak\libraries\Gradle__com_google_firebase_firebase_firestore_21_4_3_aar.xml", "XML", 0, 0, 0, 0, 0, 15, 0, 0, 0, 0, 0, 15
"d:\User\DOCUMENTS\Graduation\GraduationProgram\Programs\graduation_app\android\.idea-bak\libraries\Gradle__com_google_firebase_firebase_iid_20_0_2_aar.xml", "XML", 0, 0, 0, 0, 0, 13, 0, 0, 0, 0, 0, 13
"d:\User\DOCUMENTS\Graduation\GraduationProgram\Programs\graduation_app\android\.idea-bak\libraries\Gradle__com_google_firebase_firebase_iid_interop_17_0_0_aar.xml", "XML", 0, 0, 0, 0, 0, 11, 0, 0, 0, 0, 0, 11
"d:\User\DOCUMENTS\Graduation\GraduationProgram\Programs\graduation_app\android\.idea-bak\libraries\Gradle__com_google_firebase_firebase_measurement_connector_18_0_0_aar.xml", "XML", 0, 0, 0, 0, 0, 11, 0, 0, 0, 0, 0, 11
"d:\User\DOCUMENTS\Graduation\GraduationProgram\Programs\graduation_app\android\.idea-bak\libraries\Gradle__com_google_firebase_firebase_storage_17_0_0_aar.xml", "XML", 0, 0, 0, 0, 0, 13, 0, 0, 0, 0, 0, 13
"d:\User\DOCUMENTS\Graduation\GraduationProgram\Programs\graduation_app\android\.idea-bak\libraries\Gradle__com_google_firebase_protolite_well_known_types_17_0_0_aar.xml", "XML", 0, 0, 0, 0, 0, 13, 0, 0, 0, 0, 0, 13
"d:\User\DOCUMENTS\Graduation\GraduationProgram\Programs\graduation_app\android\.idea-bak\libraries\Gradle__com_google_guava_guava_26_0_android_jar.xml", "XML", 0, 0, 0, 0, 0, 13, 0, 0, 0, 0, 0, 13
"d:\User\DOCUMENTS\Graduation\GraduationProgram\Programs\graduation_app\android\.idea-bak\libraries\Gradle__com_google_guava_listenablefuture_9999_0_empty_to_avoid_conflict_with_guava_jar.xml", "XML", 0, 0, 0, 0, 0, 9, 0, 0, 0, 0, 0, 9
"d:\User\DOCUMENTS\Graduation\GraduationProgram\Programs\graduation_app\android\.idea-bak\libraries\Gradle__com_google_j2objc_j2objc_annotations_1_1_jar.xml", "XML", 0, 0, 0, 0, 0, 13, 0, 0, 0, 0, 0, 13
"d:\User\DOCUMENTS\Graduation\GraduationProgram\Programs\graduation_app\android\.idea-bak\libraries\Gradle__com_google_protobuf_protobuf_lite_3_0_1_jar.xml", "XML", 0, 0, 0, 0, 0, 13, 0, 0, 0, 0, 0, 13
"d:\User\DOCUMENTS\Graduation\GraduationProgram\Programs\graduation_app\android\.idea-bak\libraries\Gradle__com_squareup_javawriter_2_1_1_jar.xml", "XML", 0, 0, 0, 0, 0, 13, 0, 0, 0, 0, 0, 13
"d:\User\DOCUMENTS\Graduation\GraduationProgram\Programs\graduation_app\android\.idea-bak\libraries\Gradle__com_squareup_okhttp_okhttp_2_7_5_jar.xml", "XML", 0, 0, 0, 0, 0, 13, 0, 0, 0, 0, 0, 13
"d:\User\DOCUMENTS\Graduation\GraduationProgram\Programs\graduation_app\android\.idea-bak\libraries\Gradle__com_squareup_okio_okio_1_13_0_jar.xml", "XML", 0, 0, 0, 0, 0, 13, 0, 0, 0, 0, 0, 13
"d:\User\DOCUMENTS\Graduation\GraduationProgram\Programs\graduation_app\android\.idea-bak\libraries\Gradle__commons_io_commons_io_2_6_jar.xml", "XML", 0, 0, 0, 0, 0, 13, 0, 0, 0, 0, 0, 13
"d:\User\DOCUMENTS\Graduation\GraduationProgram\Programs\graduation_app\android\.idea-bak\libraries\Gradle__io_flutter_arm64_v8a_debug_1_0_0_2abe69c6081888f28217d8dece4fde2f5490fbab_jar.xml", "XML", 0, 0, 0, 0, 0, 9, 0, 0, 0, 0, 0, 9
"d:\User\DOCUMENTS\Graduation\GraduationProgram\Programs\graduation_app\android\.idea-bak\libraries\Gradle__io_flutter_armeabi_v7a_debug_1_0_0_2abe69c6081888f28217d8dece4fde2f5490fbab_jar.xml", "XML", 0, 0, 0, 0, 0, 9, 0, 0, 0, 0, 0, 9
"d:\User\DOCUMENTS\Graduation\GraduationProgram\Programs\graduation_app\android\.idea-bak\libraries\Gradle__io_flutter_flutter_embedding_debug_1_0_0_2abe69c6081888f28217d8dece4fde2f5490fbab_jar.xml", "XML", 0, 0, 0, 0, 0, 11, 0, 0, 0, 0, 0, 11
"d:\User\DOCUMENTS\Graduation\GraduationProgram\Programs\graduation_app\android\.idea-bak\libraries\Gradle__io_flutter_x86_64_debug_1_0_0_2abe69c6081888f28217d8dece4fde2f5490fbab_jar.xml", "XML", 0, 0, 0, 0, 0, 9, 0, 0, 0, 0, 0, 9
"d:\User\DOCUMENTS\Graduation\GraduationProgram\Programs\graduation_app\android\.idea-bak\libraries\Gradle__io_flutter_x86_debug_1_0_0_2abe69c6081888f28217d8dece4fde2f5490fbab_jar.xml", "XML", 0, 0, 0, 0, 0, 9, 0, 0, 0, 0, 0, 9
"d:\User\DOCUMENTS\Graduation\GraduationProgram\Programs\graduation_app\android\.idea-bak\libraries\Gradle__io_grpc_grpc_android_1_21_0_aar.xml", "XML", 0, 0, 0, 0, 0, 15, 0, 0, 0, 0, 0, 15
"d:\User\DOCUMENTS\Graduation\GraduationProgram\Programs\graduation_app\android\.idea-bak\libraries\Gradle__io_grpc_grpc_api_1_21_0_jar.xml", "XML", 0, 0, 0, 0, 0, 13, 0, 0, 0, 0, 0, 13
"d:\User\DOCUMENTS\Graduation\GraduationProgram\Programs\graduation_app\android\.idea-bak\libraries\Gradle__io_grpc_grpc_context_1_21_0_jar.xml", "XML", 0, 0, 0, 0, 0, 13, 0, 0, 0, 0, 0, 13
"d:\User\DOCUMENTS\Graduation\GraduationProgram\Programs\graduation_app\android\.idea-bak\libraries\Gradle__io_grpc_grpc_core_1_21_0_jar.xml", "XML", 0, 0, 0, 0, 0, 13, 0, 0, 0, 0, 0, 13
"d:\User\DOCUMENTS\Graduation\GraduationProgram\Programs\graduation_app\android\.idea-bak\libraries\Gradle__io_grpc_grpc_okhttp_1_21_0_jar.xml", "XML", 0, 0, 0, 0, 0, 13, 0, 0, 0, 0, 0, 13
"d:\User\DOCUMENTS\Graduation\GraduationProgram\Programs\graduation_app\android\.idea-bak\libraries\Gradle__io_grpc_grpc_protobuf_lite_1_21_0_jar.xml", "XML", 0, 0, 0, 0, 0, 13, 0, 0, 0, 0, 0, 13
"d:\User\DOCUMENTS\Graduation\GraduationProgram\Programs\graduation_app\android\.idea-bak\libraries\Gradle__io_grpc_grpc_stub_1_21_0_jar.xml", "XML", 0, 0, 0, 0, 0, 13, 0, 0, 0, 0, 0, 13
"d:\User\DOCUMENTS\Graduation\GraduationProgram\Programs\graduation_app\android\.idea-bak\libraries\Gradle__io_opencensus_opencensus_api_0_21_0_jar.xml", "XML", 0, 0, 0, 0, 0, 13, 0, 0, 0, 0, 0, 13
"d:\User\DOCUMENTS\Graduation\GraduationProgram\Programs\graduation_app\android\.idea-bak\libraries\Gradle__io_opencensus_opencensus_contrib_grpc_metrics_0_21_0_jar.xml", "XML", 0, 0, 0, 0, 0, 13, 0, 0, 0, 0, 0, 13
"d:\User\DOCUMENTS\Graduation\GraduationProgram\Programs\graduation_app\android\.idea-bak\libraries\Gradle__javax_inject_javax_inject_1_jar.xml", "XML", 0, 0, 0, 0, 0, 13, 0, 0, 0, 0, 0, 13
"d:\User\DOCUMENTS\Graduation\GraduationProgram\Programs\graduation_app\android\.idea-bak\libraries\Gradle__junit_junit_4_12_jar.xml", "XML", 0, 0, 0, 0, 0, 13, 0, 0, 0, 0, 0, 13
"d:\User\DOCUMENTS\Graduation\GraduationProgram\Programs\graduation_app\android\.idea-bak\libraries\Gradle__net_sf_kxml_kxml2_2_3_0_jar.xml", "XML", 0, 0, 0, 0, 0, 13, 0, 0, 0, 0, 0, 13
"d:\User\DOCUMENTS\Graduation\GraduationProgram\Programs\graduation_app\android\.idea-bak\libraries\Gradle__org_checkerframework_checker_compat_qual_2_5_2_jar.xml", "XML", 0, 0, 0, 0, 0, 13, 0, 0, 0, 0, 0, 13
"d:\User\DOCUMENTS\Graduation\GraduationProgram\Programs\graduation_app\android\.idea-bak\libraries\Gradle__org_codehaus_mojo_animal_sniffer_annotations_1_17_jar.xml", "XML", 0, 0, 0, 0, 0, 13, 0, 0, 0, 0, 0, 13
"d:\User\DOCUMENTS\Graduation\GraduationProgram\Programs\graduation_app\android\.idea-bak\libraries\Gradle__org_hamcrest_hamcrest_core_1_3_jar.xml", "XML", 0, 0, 0, 0, 0, 13, 0, 0, 0, 0, 0, 13
"d:\User\DOCUMENTS\Graduation\GraduationProgram\Programs\graduation_app\android\.idea-bak\libraries\Gradle__org_hamcrest_hamcrest_integration_1_3_jar.xml", "XML", 0, 0, 0, 0, 0, 13, 0, 0, 0, 0, 0, 13
"d:\User\DOCUMENTS\Graduation\GraduationProgram\Programs\graduation_app\android\.idea-bak\libraries\Gradle__org_hamcrest_hamcrest_library_1_3_jar.xml", "XML", 0, 0, 0, 0, 0, 13, 0, 0, 0, 0, 0, 13
"d:\User\DOCUMENTS\Graduation\GraduationProgram\Programs\graduation_app\android\.idea-bak\libraries\Gradle__org_jetbrains_annotations_13_0_jar.xml", "XML", 0, 0, 0, 0, 0, 13, 0, 0, 0, 0, 0, 13
"d:\User\DOCUMENTS\Graduation\GraduationProgram\Programs\graduation_app\android\.idea-bak\libraries\Gradle__org_jetbrains_kotlin_kotlin_stdlib_1_3_50_jar.xml", "XML", 0, 0, 0, 0, 0, 13, 0, 0, 0, 0, 0, 13
"d:\User\DOCUMENTS\Graduation\GraduationProgram\Programs\graduation_app\android\.idea-bak\libraries\Gradle__org_jetbrains_kotlin_kotlin_stdlib_common_1_3_50_jar.xml", "XML", 0, 0, 0, 0, 0, 13, 0, 0, 0, 0, 0, 13
"d:\User\DOCUMENTS\Graduation\GraduationProgram\Programs\graduation_app\android\.idea-bak\libraries\Gradle__org_jetbrains_kotlin_kotlin_stdlib_jdk7_1_3_50_jar.xml", "XML", 0, 0, 0, 0, 0, 13, 0, 0, 0, 0, 0, 13
"d:\User\DOCUMENTS\Graduation\GraduationProgram\Programs\graduation_app\android\.idea-bak\libraries\Gradle__org_mockito_mockito_core_1_10_19_jar.xml", "XML", 0, 0, 0, 0, 0, 13, 0, 0, 0, 0, 0, 13
"d:\User\DOCUMENTS\Graduation\GraduationProgram\Programs\graduation_app\android\.idea-bak\misc.xml", "XML", 0, 0, 0, 0, 0, 25, 0, 0, 0, 0, 0, 25
"d:\User\DOCUMENTS\Graduation\GraduationProgram\Programs\graduation_app\android\.idea-bak\modules.xml", "XML", 0, 0, 0, 0, 0, 56, 0, 0, 0, 0, 0, 56
"d:\User\DOCUMENTS\Graduation\GraduationProgram\Programs\graduation_app\android\.idea-bak\runConfigurations.xml", "XML", 0, 0, 0, 0, 0, 12, 0, 0, 0, 0, 0, 12
"d:\User\DOCUMENTS\Graduation\GraduationProgram\Programs\graduation_app\android\.idea-bak\vcs.xml", "XML", 0, 0, 0, 0, 0, 6, 0, 0, 0, 0, 0, 6
"d:\User\DOCUMENTS\Graduation\GraduationProgram\Programs\graduation_app\android\.idea-bak\workspace.xml", "XML", 0, 0, 0, 0, 0, 214, 0, 0, 0, 0, 0, 214
"d:\User\DOCUMENTS\Graduation\GraduationProgram\Programs\graduation_app\android\app\build.gradle", "Groovy", 0, 0, 0, 58, 0, 0, 0, 0, 0, 3, 12, 73
"d:\User\DOCUMENTS\Graduation\GraduationProgram\Programs\graduation_app\android\app\google-services.json", "JSON", 0, 0, 0, 0, 0, 0, 40, 0, 0, 0, 0, 40
"d:\User\DOCUMENTS\Graduation\GraduationProgram\Programs\graduation_app\android\app\src\debug\AndroidManifest.xml", "XML", 0, 0, 0, 0, 0, 4, 0, 0, 0, 3, 1, 8
"d:\User\DOCUMENTS\Graduation\GraduationProgram\Programs\graduation_app\android\app\src\main\AndroidManifest.xml", "XML", 0, 0, 0, 0, 0, 34, 0, 0, 0, 23, 2, 59
"d:\User\DOCUMENTS\Graduation\GraduationProgram\Programs\graduation_app\android\app\src\main\res\drawable\launch_background.xml", "XML", 0, 0, 0, 0, 0, 4, 0, 0, 0, 7, 2, 13
"d:\User\DOCUMENTS\Graduation\GraduationProgram\Programs\graduation_app\android\app\src\main\res\values\styles.xml", "XML", 0, 0, 0, 0, 0, 9, 0, 0, 0, 3, 1, 13
"d:\User\DOCUMENTS\Graduation\GraduationProgram\Programs\graduation_app\android\app\src\main\res\xml\provider_paths.xml", "XML", 0, 0, 0, 0, 0, 4, 0, 0, 0, 0, 0, 4
"d:\User\DOCUMENTS\Graduation\GraduationProgram\Programs\graduation_app\android\app\src\profile\AndroidManifest.xml", "XML", 0, 0, 0, 0, 0, 4, 0, 0, 0, 3, 1, 8
"d:\User\DOCUMENTS\Graduation\GraduationProgram\Programs\graduation_app\android\build.gradle", "Groovy", 0, 0, 0, 28, 0, 0, 0, 0, 0, 0, 5, 33
"d:\User\DOCUMENTS\Graduation\GraduationProgram\Programs\graduation_app\android\gradle.properties", "Properties", 0, 0, 0, 0, 5, 0, 0, 0, 0, 0, 0, 5
"d:\User\DOCUMENTS\Graduation\GraduationProgram\Programs\graduation_app\android\gradle\wrapper\gradle-wrapper.properties", "Properties", 0, 0, 0, 0, 5, 0, 0, 0, 0, 1, 1, 7
"d:\User\DOCUMENTS\Graduation\GraduationProgram\Programs\graduation_app\android\settings.gradle", "Groovy", 0, 0, 0, 12, 0, 0, 0, 0, 0, 0, 4, 16
"d:\User\DOCUMENTS\Graduation\GraduationProgram\Programs\graduation_app\android\settings_aar.gradle", "Groovy", 0, 0, 0, 1, 0, 0, 0, 0, 0, 0, 1, 2
"d:\User\DOCUMENTS\Graduation\GraduationProgram\Programs\graduation_app\ios\Runner\AppDelegate.swift", "Swift", 0, 0, 0, 0, 0, 0, 0, 0, 12, 0, 2, 14
"d:\User\DOCUMENTS\Graduation\GraduationProgram\Programs\graduation_app\ios\Runner\Assets.xcassets\AppIcon.appiconset\Contents.json", "JSON", 0, 0, 0, 0, 0, 0, 122, 0, 0, 0, 1, 123
"d:\User\DOCUMENTS\Graduation\GraduationProgram\Programs\graduation_app\ios\Runner\Assets.xcassets\LaunchImage.imageset\Contents.json", "JSON", 0, 0, 0, 0, 0, 0, 23, 0, 0, 0, 1, 24
"d:\User\DOCUMENTS\Graduation\GraduationProgram\Programs\graduation_app\ios\Runner\Assets.xcassets\LaunchImage.imageset\README.md", "Markdown", 0, 0, 3, 0, 0, 0, 0, 0, 0, 0, 2, 5
"d:\User\DOCUMENTS\Graduation\GraduationProgram\Programs\graduation_app\ios\Runner\Base.lproj\LaunchScreen.storyboard", "XML", 0, 0, 0, 0, 0, 36, 0, 0, 0, 1, 1, 38
"d:\User\DOCUMENTS\Graduation\GraduationProgram\Programs\graduation_app\ios\Runner\Base.lproj\Main.storyboard", "XML", 0, 0, 0, 0, 0, 25, 0, 0, 0, 1, 1, 27
"d:\User\DOCUMENTS\Graduation\GraduationProgram\Programs\graduation_app\ios\Runner\Runner-Bridging-Header.h", "C++", 0, 0, 0, 0, 0, 0, 0, 1, 0, 0, 0, 1
"d:\User\DOCUMENTS\Graduation\GraduationProgram\Programs\graduation_app\lib\custom_widgets\animated_icon.dart", "Dart", 0, 87, 0, 0, 0, 0, 0, 0, 0, 0, 8, 95
"d:\User\DOCUMENTS\Graduation\GraduationProgram\Programs\graduation_app\lib\custom_widgets\animated_shadow_container.dart", "Dart", 0, 47, 0, 0, 0, 0, 0, 0, 0, 0, 4, 51
"d:\User\DOCUMENTS\Graduation\GraduationProgram\Programs\graduation_app\lib\custom_widgets\animated_size.dart", "Dart", 0, 22, 0, 0, 0, 0, 0, 0, 0, 0, 4, 26
"d:\User\DOCUMENTS\Graduation\GraduationProgram\Programs\graduation_app\lib\custom_widgets\circle_image.dart", "Dart", 0, 32, 0, 0, 0, 0, 0, 0, 0, 0, 4, 36
"d:\User\DOCUMENTS\Graduation\GraduationProgram\Programs\graduation_app\lib\custom_widgets\hw_state_text.dart", "Dart", 0, 35, 0, 0, 0, 0, 0, 0, 0, 0, 6, 41
"d:\User\DOCUMENTS\Graduation\GraduationProgram\Programs\graduation_app\lib\custom_widgets\index.dart", "Dart", 0, 8, 0, 0, 0, 0, 0, 0, 0, 0, 1, 9
"d:\User\DOCUMENTS\Graduation\GraduationProgram\Programs\graduation_app\lib\custom_widgets\inherited_auth.dart", "Dart", 0, 15, 0, 0, 0, 0, 0, 0, 0, 0, 5, 20
"d:\User\DOCUMENTS\Graduation\GraduationProgram\Programs\graduation_app\lib\custom_widgets\shadow_container.dart", "Dart", 0, 37, 0, 0, 0, 0, 0, 0, 0, 0, 4, 41
"d:\User\DOCUMENTS\Graduation\GraduationProgram\Programs\graduation_app\lib\custom_widgets\shadow_loading_card.dart", "Dart", 0, 67, 0, 0, 0, 0, 0, 0, 0, 2, 7, 76
"d:\User\DOCUMENTS\Graduation\GraduationProgram\Programs\graduation_app\lib\main.dart", "Dart", 0, 59, 0, 0, 0, 0, 0, 0, 0, 3, 4, 66
"d:\User\DOCUMENTS\Graduation\GraduationProgram\Programs\graduation_app\lib\models\app_model.dart", "Dart", 0, 26, 0, 0, 0, 0, 0, 0, 0, 0, 7, 33
"d:\User\DOCUMENTS\Graduation\GraduationProgram\Programs\graduation_app\lib\models\cloud_storage_result.dart", "Dart", 0, 4, 0, 0, 0, 0, 0, 0, 0, 0, 2, 6
"d:\User\DOCUMENTS\Graduation\GraduationProgram\Programs\graduation_app\lib\models\comment_angle.dart", "Dart", 0, 78, 0, 0, 0, 0, 0, 0, 0, 0, 6, 84
"d:\User\DOCUMENTS\Graduation\GraduationProgram\Programs\graduation_app\lib\models\hw_home.dart", "Dart", 0, 120, 0, 0, 0, 0, 0, 0, 0, 0, 9, 129
"d:\User\DOCUMENTS\Graduation\GraduationProgram\Programs\graduation_app\lib\models\index.dart", "Dart", 0, 11, 0, 0, 0, 0, 0, 0, 0, 0, 1, 12
"d:\User\DOCUMENTS\Graduation\GraduationProgram\Programs\graduation_app\lib\models\lesson_home.dart", "Dart", 0, 99, 0, 0, 0, 0, 0, 0, 0, 0, 11, 110
"d:\User\DOCUMENTS\Graduation\GraduationProgram\Programs\graduation_app\lib\models\lesson_stu.dart", "Dart", 0, 36, 0, 0, 0, 0, 0, 0, 0, 1, 5, 42
"d:\User\DOCUMENTS\Graduation\GraduationProgram\Programs\graduation_app\lib\models\lesson_time.dart", "Dart", 0, 64, 0, 0, 0, 0, 0, 0, 0, 0, 9, 73
"d:\User\DOCUMENTS\Graduation\GraduationProgram\Programs\graduation_app\lib\models\reply.dart", "Dart", 0, 58, 0, 0, 0, 0, 0, 0, 0, 0, 5, 63
"d:\User\DOCUMENTS\Graduation\GraduationProgram\Programs\graduation_app\lib\models\stu_group.dart", "Dart", 0, 29, 0, 0, 0, 0, 0, 0, 0, 0, 5, 34
"d:\User\DOCUMENTS\Graduation\GraduationProgram\Programs\graduation_app\lib\models\submission.dart", "Dart", 0, 36, 0, 0, 0, 0, 0, 0, 0, 0, 5, 41
"d:\User\DOCUMENTS\Graduation\GraduationProgram\Programs\graduation_app\lib\models\user.dart", "Dart", 0, 45, 0, 0, 0, 0, 0, 0, 0, 0, 9, 54
"d:\User\DOCUMENTS\Graduation\GraduationProgram\Programs\graduation_app\lib\repository\comment_repo.dart", "Dart", 0, 22, 0, 0, 0, 0, 0, 0, 0, 0, 4, 26
"d:\User\DOCUMENTS\Graduation\GraduationProgram\Programs\graduation_app\lib\repository\lesson_repository.dart", "Dart", 0, 64, 0, 0, 0, 0, 0, 0, 0, 2, 9, 75
"d:\User\DOCUMENTS\Graduation\GraduationProgram\Programs\graduation_app\lib\repository\reply_repo.dart", "Dart", 0, 26, 0, 0, 0, 0, 0, 0, 0, 1, 3, 30
"d:\User\DOCUMENTS\Graduation\GraduationProgram\Programs\graduation_app\lib\repository\user_repository.dart", "Dart", 0, 17, 0, 0, 0, 0, 0, 0, 0, 0, 3, 20
"d:\User\DOCUMENTS\Graduation\GraduationProgram\Programs\graduation_app\lib\screen_root.dart", "Dart", 0, 124, 0, 0, 0, 0, 0, 0, 0, 0, 13, 137
"d:\User\DOCUMENTS\Graduation\GraduationProgram\Programs\graduation_app\lib\screens\home\item_history_lesson.dart", "Dart", 0, 65, 0, 0, 0, 0, 0, 0, 0, 0, 5, 70
"d:\User\DOCUMENTS\Graduation\GraduationProgram\Programs\graduation_app\lib\screens\home\screen_home.dart", "Dart", 0, 71, 0, 0, 0, 0, 0, 0, 0, 0, 8, 79
"d:\User\DOCUMENTS\Graduation\GraduationProgram\Programs\graduation_app\lib\screens\home\search_delegate.dart", "Dart", 0, 81, 0, 0, 0, 0, 0, 0, 0, 0, 9, 90
"d:\User\DOCUMENTS\Graduation\GraduationProgram\Programs\graduation_app\lib\screens\home\tab_homework\item_homework.dart", "Dart", 0, 134, 0, 0, 0, 0, 0, 0, 0, 0, 8, 142
"d:\User\DOCUMENTS\Graduation\GraduationProgram\Programs\graduation_app\lib\screens\home\tab_homework\tab_home_hw.dart", "Dart", 0, 144, 0, 0, 0, 0, 0, 0, 0, 1, 16, 161
"d:\User\DOCUMENTS\Graduation\GraduationProgram\Programs\graduation_app\lib\screens\home\tab_lesson\item_lesson.dart", "Dart", 0, 117, 0, 0, 0, 0, 0, 0, 0, 2, 5, 124
"d:\User\DOCUMENTS\Graduation\GraduationProgram\Programs\graduation_app\lib\screens\home\tab_lesson\screen_create_lesson\body_create_lesson.dart", "Dart", 0, 227, 0, 0, 0, 0, 0, 0, 0, 0, 6, 233
"d:\User\DOCUMENTS\Graduation\GraduationProgram\Programs\graduation_app\lib\screens\home\tab_lesson\screen_create_lesson\item_lesson_time.dart", "Dart", 0, 92, 0, 0, 0, 0, 0, 0, 0, 0, 8, 100
"d:\User\DOCUMENTS\Graduation\GraduationProgram\Programs\graduation_app\lib\screens\home\tab_lesson\screen_create_lesson\screen_create_lesson.dart", "Dart", 0, 224, 0, 0, 0, 0, 0, 0, 0, 0, 21, 245
"d:\User\DOCUMENTS\Graduation\GraduationProgram\Programs\graduation_app\lib\screens\home\tab_lesson\tab_home_lesson.dart", "Dart", 0, 318, 0, 0, 0, 0, 0, 0, 0, 3, 28, 349
"d:\User\DOCUMENTS\Graduation\GraduationProgram\Programs\graduation_app\lib\screens\home\tab_user_bloc\index.dart", "Dart", 0, 5, 0, 0, 0, 0, 0, 0, 0, 0, 1, 6
"d:\User\DOCUMENTS\Graduation\GraduationProgram\Programs\graduation_app\lib\screens\home\tab_user_bloc\tab_user_bloc_bloc.dart", "Dart", 0, 28, 0, 0, 0, 0, 0, 0, 0, 3, 6, 37
"d:\User\DOCUMENTS\Graduation\GraduationProgram\Programs\graduation_app\lib\screens\home\tab_user_bloc\tab_user_bloc_event.dart", "Dart", 0, 39, 0, 0, 0, 0, 0, 0, 0, 0, 8, 47
"d:\User\DOCUMENTS\Graduation\GraduationProgram\Programs\graduation_app\lib\screens\home\tab_user_bloc\tab_user_bloc_page.dart", "Dart", 0, 40, 0, 0, 0, 0, 0, 0, 0, 0, 6, 46
"d:\User\DOCUMENTS\Graduation\GraduationProgram\Programs\graduation_app\lib\screens\home\tab_user_bloc\tab_user_bloc_screen.dart", "Dart", 0, 268, 0, 0, 0, 0, 0, 0, 0, 0, 16, 284
"d:\User\DOCUMENTS\Graduation\GraduationProgram\Programs\graduation_app\lib\screens\home\tab_user_bloc\tab_user_bloc_state.dart", "Dart", 0, 53, 0, 0, 0, 0, 0, 0, 0, 5, 20, 78
"d:\User\DOCUMENTS\Graduation\GraduationProgram\Programs\graduation_app\lib\screens\homework_details\check_recieved_comment\item_comment_angle_readonly.dart", "Dart", 0, 60, 0, 0, 0, 0, 0, 0, 0, 0, 6, 66
"d:\User\DOCUMENTS\Graduation\GraduationProgram\Programs\graduation_app\lib\screens\homework_details\check_recieved_comment\screen_check_recieved_comment.dart", "Dart", 0, 356, 0, 0, 0, 0, 0, 0, 0, 1, 18, 375
"d:\User\DOCUMENTS\Graduation\GraduationProgram\Programs\graduation_app\lib\screens\homework_details\create_hw.dart", "Dart", 0, 308, 0, 0, 0, 0, 0, 0, 0, 1, 17, 326
"d:\User\DOCUMENTS\Graduation\GraduationProgram\Programs\graduation_app\lib\screens\homework_details\for_tea.dart\hw_detail_tea_body.dart", "Dart", 0, 216, 0, 0, 0, 0, 0, 0, 0, 0, 9, 225
"d:\User\DOCUMENTS\Graduation\GraduationProgram\Programs\graduation_app\lib\screens\homework_details\for_tea.dart\item_submission.dart", "Dart", 0, 63, 0, 0, 0, 0, 0, 0, 0, 0, 2, 65
"d:\User\DOCUMENTS\Graduation\GraduationProgram\Programs\graduation_app\lib\screens\homework_details\for_tea.dart\screen_hw_detail_tea.dart", "Dart", 0, 134, 0, 0, 0, 0, 0, 0, 0, 0, 20, 154
"d:\User\DOCUMENTS\Graduation\GraduationProgram\Programs\graduation_app\lib\screens\homework_details\for_tea.dart\single_submission_detail.dart", "Dart", 0, 66, 0, 0, 0, 0, 0, 0, 0, 0, 9, 75
"d:\User\DOCUMENTS\Graduation\GraduationProgram\Programs\graduation_app\lib\screens\homework_details\for_tea.dart\submission_detail_body.dart", "Dart", 0, 198, 0, 0, 0, 0, 0, 0, 0, 0, 8, 206
"d:\User\DOCUMENTS\Graduation\GraduationProgram\Programs\graduation_app\lib\screens\homework_details\for_tea.dart\tea_comment_sheet.dart", "Dart", 0, 121, 0, 0, 0, 0, 0, 0, 0, 0, 17, 138
"d:\User\DOCUMENTS\Graduation\GraduationProgram\Programs\graduation_app\lib\screens\homework_details\for_tea.dart\tea_comment_sheet_body.dart", "Dart", 0, 124, 0, 0, 0, 0, 0, 0, 0, 0, 5, 129
"d:\User\DOCUMENTS\Graduation\GraduationProgram\Programs\graduation_app\lib\screens\homework_details\item_peer_submit.dart", "Dart", 0, 72, 0, 0, 0, 0, 0, 0, 0, 0, 8, 80
"d:\User\DOCUMENTS\Graduation\GraduationProgram\Programs\graduation_app\lib\screens\homework_details\peer_comment\body_peercomment.dart", "Dart", 0, 127, 0, 0, 0, 0, 0, 0, 0, 0, 9, 136
"d:\User\DOCUMENTS\Graduation\GraduationProgram\Programs\graduation_app\lib\screens\homework_details\peer_comment\comment_one_angle.dart", "Dart", 0, 10, 0, 0, 0, 0, 0, 0, 0, 0, 3, 13
"d:\User\DOCUMENTS\Graduation\GraduationProgram\Programs\graduation_app\lib\screens\homework_details\peer_comment\item_comment_angle.dart", "Dart", 0, 145, 0, 0, 0, 0, 0, 0, 0, 0, 11, 156
"d:\User\DOCUMENTS\Graduation\GraduationProgram\Programs\graduation_app\lib\screens\homework_details\peer_comment\screen_peercomment.dart", "Dart", 0, 151, 0, 0, 0, 0, 0, 0, 0, 0, 15, 166
"d:\User\DOCUMENTS\Graduation\GraduationProgram\Programs\graduation_app\lib\screens\homework_details\screen_hw_details.dart", "Dart", 0, 232, 0, 0, 0, 0, 0, 0, 0, 1, 15, 248
"d:\User\DOCUMENTS\Graduation\GraduationProgram\Programs\graduation_app\lib\screens\homework_details\submitsheet\body_submitsheet.dart", "Dart", 0, 223, 0, 0, 0, 0, 0, 0, 0, 0, 5, 228
"d:\User\DOCUMENTS\Graduation\GraduationProgram\Programs\graduation_app\lib\screens\homework_details\submitsheet\item_recieved_comment.dart", "Dart", 0, 74, 0, 0, 0, 0, 0, 0, 0, 0, 4, 78
"d:\User\DOCUMENTS\Graduation\GraduationProgram\Programs\graduation_app\lib\screens\homework_details\submitsheet\submitsheet.dart", "Dart", 0, 184, 0, 0, 0, 0, 0, 0, 0, 0, 17, 201
"d:\User\DOCUMENTS\Graduation\GraduationProgram\Programs\graduation_app\lib\screens\homework_details\submitsheet\submitsheet_header.dart", "Dart", 0, 71, 0, 0, 0, 0, 0, 0, 0, 0, 4, 75
"d:\User\DOCUMENTS\Graduation\GraduationProgram\Programs\graduation_app\lib\screens\lesson\group\group_for_stu\dialog_create_group.dart", "Dart", 0, 162, 0, 0, 0, 0, 0, 0, 0, 3, 14, 179
"d:\User\DOCUMENTS\Graduation\GraduationProgram\Programs\graduation_app\lib\screens\lesson\group\group_for_stu\item_stu.dart", "Dart", 0, 59, 0, 0, 0, 0, 0, 0, 0, 0, 4, 63
"d:\User\DOCUMENTS\Graduation\GraduationProgram\Programs\graduation_app\lib\screens\lesson\group\group_for_stu\sceen_choose.dart", "Dart", 0, 91, 0, 0, 0, 0, 0, 0, 0, 3, 11, 105
"d:\User\DOCUMENTS\Graduation\GraduationProgram\Programs\graduation_app\lib\screens\lesson\group\group_for_stu\selectable_item.dart", "Dart", 0, 82, 0, 0, 0, 0, 0, 0, 0, 0, 6, 88
"d:\User\DOCUMENTS\Graduation\GraduationProgram\Programs\graduation_app\lib\screens\lesson\group\group_for_stu\tab_group_stu.dart", "Dart", 0, 238, 0, 0, 0, 0, 0, 0, 0, 4, 23, 265
"d:\User\DOCUMENTS\Graduation\GraduationProgram\Programs\graduation_app\lib\screens\lesson\group\group_for_tea\item_group.dart", "Dart", 0, 76, 0, 0, 0, 0, 0, 0, 0, 0, 7, 83
"d:\User\DOCUMENTS\Graduation\GraduationProgram\Programs\graduation_app\lib\screens\lesson\group\group_for_tea\tab_group_tea.dart", "Dart", 0, 69, 0, 0, 0, 0, 0, 0, 0, 1, 9, 79
"d:\User\DOCUMENTS\Graduation\GraduationProgram\Programs\graduation_app\lib\screens\lesson\screen_lesson.dart", "Dart", 0, 114, 0, 0, 0, 0, 0, 0, 0, 0, 18, 132
"d:\User\DOCUMENTS\Graduation\GraduationProgram\Programs\graduation_app\lib\screens\lesson\tab_lesson_details.dart", "Dart", 0, 199, 0, 0, 0, 0, 0, 0, 0, 0, 7, 206
"d:\User\DOCUMENTS\Graduation\GraduationProgram\Programs\graduation_app\lib\screens\lesson\tab_lesson_hw.dart", "Dart", 0, 136, 0, 0, 0, 0, 0, 0, 0, 0, 15, 151
"d:\User\DOCUMENTS\Graduation\GraduationProgram\Programs\graduation_app\lib\screens\lesson\tab_lesson_members.dart", "Dart", 0, 57, 0, 0, 0, 0, 0, 0, 0, 0, 12, 69
"d:\User\DOCUMENTS\Graduation\GraduationProgram\Programs\graduation_app\lib\screens\login\image_banner.dart", "Dart", 0, 16, 0, 0, 0, 0, 0, 0, 0, 0, 4, 20
"d:\User\DOCUMENTS\Graduation\GraduationProgram\Programs\graduation_app\lib\screens\login\screen_login_signup.dart", "Dart", 0, 227, 0, 0, 0, 0, 0, 0, 0, 7, 23, 257
"d:\User\DOCUMENTS\Graduation\GraduationProgram\Programs\graduation_app\lib\screens\login\text_section.dart", "Dart", 0, 34, 0, 0, 0, 0, 0, 0, 0, 0, 4, 38
"d:\User\DOCUMENTS\Graduation\GraduationProgram\Programs\graduation_app\lib\screens\screen_rate_comment_bloc\index.dart", "Dart", 0, 7, 0, 0, 0, 0, 0, 0, 0, 0, 1, 8
"d:\User\DOCUMENTS\Graduation\GraduationProgram\Programs\graduation_app\lib\screens\screen_rate_comment_bloc\item_simple_comment.dart", "Dart", 0, 104, 0, 0, 0, 0, 0, 0, 0, 0, 4, 108
"d:\User\DOCUMENTS\Graduation\GraduationProgram\Programs\graduation_app\lib\screens\screen_rate_comment_bloc\item_simple_reply.dart", "Dart", 0, 105, 0, 0, 0, 0, 0, 0, 0, 0, 4, 109
"d:\User\DOCUMENTS\Graduation\GraduationProgram\Programs\graduation_app\lib\screens\screen_rate_comment_bloc\screen_rate_comment_bloc_bloc.dart", "Dart", 0, 32, 0, 0, 0, 0, 0, 0, 0, 3, 6, 41
"d:\User\DOCUMENTS\Graduation\GraduationProgram\Programs\graduation_app\lib\screens\screen_rate_comment_bloc\screen_rate_comment_bloc_event.dart", "Dart", 0, 71, 0, 0, 0, 0, 0, 0, 0, 0, 10, 81
"d:\User\DOCUMENTS\Graduation\GraduationProgram\Programs\graduation_app\lib\screens\screen_rate_comment_bloc\screen_rate_comment_bloc_page.dart", "Dart", 0, 27, 0, 0, 0, 0, 0, 0, 0, 0, 5, 32
"d:\User\DOCUMENTS\Graduation\GraduationProgram\Programs\graduation_app\lib\screens\screen_rate_comment_bloc\screen_rate_comment_bloc_screen.dart", "Dart", 0, 123, 0, 0, 0, 0, 0, 0, 0, 0, 9, 132
"d:\User\DOCUMENTS\Graduation\GraduationProgram\Programs\graduation_app\lib\screens\screen_rate_comment_bloc\screen_rate_comment_bloc_state.dart", "Dart", 0, 74, 0, 0, 0, 0, 0, 0, 0, 5, 25, 104
"d:\User\DOCUMENTS\Graduation\GraduationProgram\Programs\graduation_app\lib\screens\setting\screen_change_pwd\body_change_pwd_form.dart", "Dart", 0, 148, 0, 0, 0, 0, 0, 0, 0, 0, 11, 159
"d:\User\DOCUMENTS\Graduation\GraduationProgram\Programs\graduation_app\lib\screens\setting\screen_change_pwd\index.dart", "Dart", 0, 6, 0, 0, 0, 0, 0, 0, 0, 0, 1, 7
"d:\User\DOCUMENTS\Graduation\GraduationProgram\Programs\graduation_app\lib\screens\setting\screen_change_pwd\screen_change_pwd_bloc.dart", "Dart", 0, 18, 0, 0, 0, 0, 0, 0, 0, 0, 5, 23
"d:\User\DOCUMENTS\Graduation\GraduationProgram\Programs\graduation_app\lib\screens\setting\screen_change_pwd\screen_change_pwd_event.dart", "Dart", 0, 102, 0, 0, 0, 0, 0, 0, 0, 0, 11, 113
"d:\User\DOCUMENTS\Graduation\GraduationProgram\Programs\graduation_app\lib\screens\setting\screen_change_pwd\screen_change_pwd_page.dart", "Dart", 0, 19, 0, 0, 0, 0, 0, 0, 0, 0, 5, 24
"d:\User\DOCUMENTS\Graduation\GraduationProgram\Programs\graduation_app\lib\screens\setting\screen_change_pwd\screen_change_pwd_screen.dart", "Dart", 0, 189, 0, 0, 0, 0, 0, 0, 0, 3, 18, 210
"d:\User\DOCUMENTS\Graduation\GraduationProgram\Programs\graduation_app\lib\screens\setting\screen_change_pwd\screen_change_pwd_state.dart", "Dart", 0, 45, 0, 0, 0, 0, 0, 0, 0, 2, 16, 63
"d:\User\DOCUMENTS\Graduation\GraduationProgram\Programs\graduation_app\lib\screens\setting\screen_setting_menu.dart", "Dart", 0, 240, 0, 0, 0, 0, 0, 0, 0, 8, 5, 253
"d:\User\DOCUMENTS\Graduation\GraduationProgram\Programs\graduation_app\lib\screens\sign_up\update_user_info.dart", "Dart", 0, 155, 0, 0, 0, 0, 0, 0, 0, 1, 15, 171
"d:\User\DOCUMENTS\Graduation\GraduationProgram\Programs\graduation_app\lib\style.dart", "Dart", 0, 48, 0, 0, 0, 0, 0, 0, 0, 0, 2, 50
"d:\User\DOCUMENTS\Graduation\GraduationProgram\Programs\graduation_app\lib\utils\filebase_storage.dart", "Dart", 0, 38, 0, 0, 0, 0, 0, 0, 0, 0, 10, 48
"d:\User\DOCUMENTS\Graduation\GraduationProgram\Programs\graduation_app\lib\utils\firebase_auth.dart", "Dart", 0, 72, 0, 0, 0, 0, 0, 0, 0, 3, 22, 97
"d:\User\DOCUMENTS\Graduation\GraduationProgram\Programs\graduation_app\lib\utils\firebase_store.dart", "Dart", 0, 60, 0, 0, 0, 0, 0, 0, 0, 1, 9, 70
"d:\User\DOCUMENTS\Graduation\GraduationProgram\Programs\graduation_app\lib\utils\firebase_userinfo.dart", "Dart", 0, 40, 0, 0, 0, 0, 0, 0, 0, 4, 13, 57
"d:\User\DOCUMENTS\Graduation\GraduationProgram\Programs\graduation_app\lib\utils\flutter_toast.dart", "Dart", 0, 14, 0, 0, 0, 0, 0, 0, 0, 0, 2, 16
"d:\User\DOCUMENTS\Graduation\GraduationProgram\Programs\graduation_app\lib\utils\share_pre.dart", "Dart", 0, 6, 0, 0, 0, 0, 0, 0, 0, 0, 4, 10
"d:\User\DOCUMENTS\Graduation\GraduationProgram\Programs\graduation_app\pubspec.yaml", "YAML", 32, 0, 0, 0, 0, 0, 0, 0, 0, 42, 7, 81
"d:\User\DOCUMENTS\Graduation\GraduationProgram\Programs\graduation_app\test\widget_test.dart", "Dart", 0, 14, 0, 0, 0, 0, 0, 0, 0, 10, 7, 31
"Total", "-", 32, 9426, 13, 99, 10, 2156, 185, 1, 12, 171, 955, 13060